"date"	"annee"	"mois"	"jour"	"secteur"	"horaire"	"force_vent"	"etat_mer"	"couverture_nuageuse"	"temperature_sol"	"direction_vent"	"direction_houle"	"observateurs"	"commentaires"
2020-07-20	2020	"juillet"	20	"Fiume Santu"	09:00:00	"F0"	"belle"	"0-10"	NA	NA	NA	"Ricquiers, Casanova"	NA
2020-07-20	2020	"juillet"	20	"Fiume Santu"	12:00:00	"F0"	"belle"	"0-10"	NA	NA	NA	"Ricquiers, Casanova"	"Base sur Fiume Santu 9h"
2020-07-20	2020	"juillet"	20	"Fiume Santu"	15:00:00	"F0"	"belle"	"0-10"	NA	NA	NA	"Ricquiers, Casanova"	"Base sur Fiume Santu 9h"
2020-07-20	2020	"juillet"	20	"Fiume Santu"	17:00:00	"F0"	"belle"	"0-10"	NA	NA	NA	"Ricquiers, Casanova"	"Base sur Fiume Santu 9h"
2020-07-20	2020	"juillet"	20	"Lotu"	09:00:00	"F0"	"belle"	"0-10"	NA	NA	NA	"Ricquiers, Casanova"	NA
2020-07-20	2020	"juillet"	20	"Lotu"	12:00:00	"F0"	"belle"	"0-10"	NA	NA	NA	"Ricquiers, Casanova"	"Base sur Lotu 9h"
2020-07-20	2020	"juillet"	20	"Lotu"	15:00:00	"F0"	"belle"	"0-10"	NA	NA	NA	"Ricquiers, Casanova"	"Base sur Lotu 9h"
2020-07-20	2020	"juillet"	20	"Lotu"	17:00:00	"F0"	"belle"	"0-10"	NA	NA	NA	"Ricquiers, Casanova"	"Base sur Lotu 9h"
2020-07-20	2020	"juillet"	20	"Mezzanu"	09:00:00	"F0"	"belle"	"0-10"	NA	NA	NA	"Ricquiers, Casanova"	NA
2020-07-20	2020	"juillet"	20	"Mezzanu"	12:00:00	"F0"	"belle"	"0-10"	NA	NA	NA	"Ricquiers, Casanova"	"Base sur Petit Lotu 9h"
2020-07-20	2020	"juillet"	20	"Mezzanu"	15:00:00	"F0"	"belle"	"0-10"	NA	NA	NA	"Ricquiers, Casanova"	"Base sur Petit Lotu 9h"
2020-07-20	2020	"juillet"	20	"Mezzanu"	17:00:00	"F0"	"belle"	"0-10"	NA	NA	NA	"Ricquiers, Casanova"	"Base sur Petit Lotu 9h"
2020-07-20	2020	"juillet"	20	"Saleccia"	09:00:00	"F0"	"belle"	"0-10"	NA	NA	NA	"Ricquiers, Casanova"	NA
2020-07-20	2020	"juillet"	20	"Saleccia"	12:00:00	"F0"	"belle"	"0-10"	NA	NA	NA	"Ricquiers, Casanova"	"Base sur Saleccia 9h"
2020-07-20	2020	"juillet"	20	"Saleccia"	15:00:00	"F0"	"belle"	"0-10"	NA	NA	NA	"Ricquiers, Casanova"	"Base sur Saleccia 9h"
2020-07-20	2020	"juillet"	20	"Saleccia"	17:00:00	"F0"	"belle"	"0-10"	NA	NA	NA	"Ricquiers, Casanova"	"Base sur Saleccia 9h"
2020-07-29	2020	"juillet"	29	"Lotu"	09:00:00	"F2"	"belle"	"0-10"	NA	NA	NA	NA	"Base sur Lotu 9h"
2020-07-29	2020	"juillet"	29	"Lotu"	12:00:00	"F2"	"belle"	"0-10"	NA	NA	NA	NA	"Base sur Lotu 9h"
2020-07-29	2020	"juillet"	29	"Lotu"	15:00:00	"F2"	"belle"	"0-10"	NA	NA	NA	NA	"Base sur Lotu 9h"
2020-07-29	2020	"juillet"	29	"Lotu"	17:00:00	"F2"	"belle"	"0-10"	NA	NA	NA	NA	"Base sur Lotu 9h"
2020-07-29	2020	"juillet"	29	"Saleccia"	09:00:00	"F2"	"belle"	"0-10"	NA	NA	NA	NA	"Base sur Lotu 9h"
2020-07-29	2020	"juillet"	29	"Saleccia"	12:00:00	"F2"	"belle"	"0-10"	NA	NA	NA	NA	"Base sur Lotu 9h"
2020-07-29	2020	"juillet"	29	"Saleccia"	15:00:00	"F2"	"belle"	"0-10"	NA	NA	NA	NA	"Base sur Lotu 9h"
2020-07-29	2020	"juillet"	29	"Saleccia"	17:00:00	"F2"	"belle"	"0-10"	NA	NA	NA	NA	"Base sur Lotu 9h"
2020-08-13	2020	"aout"	13	"Fiume Santu"	09:00:00	"F0"	"belle"	"0-10"	NA	NA	NA	"Laure-Helene, Fred (CDC)"	NA
2020-08-13	2020	"aout"	13	"Fiume Santu"	12:00:00	"F0"	"belle"	"0-10"	NA	NA	NA	"Laure-Helene, Fred (CDC)"	"Base sur Fiume Santu 9h"
2020-08-13	2020	"aout"	13	"Fiume Santu"	15:00:00	"F0"	"belle"	"0-10"	NA	NA	NA	"Laure-Helene, Fred (CDC)"	"Base sur Fiume Santu 9h"
2020-08-13	2020	"aout"	13	"Fiume Santu"	17:00:00	"F0"	"belle"	"0-10"	NA	NA	NA	"Laure-Helene, Fred (CDC)"	"Base sur Fiume Santu 9h"
2020-08-13	2020	"aout"	13	"Lotu"	09:00:00	"F0"	"belle"	"0-10"	NA	NA	NA	"Laure-Helene, Fred (CDC)"	NA
2020-08-13	2020	"aout"	13	"Lotu"	12:00:00	"F0"	"belle"	"0-10"	NA	NA	NA	"Laure-Helene, Fred (CDC)"	"Base sur Lotu 9h"
2020-08-13	2020	"aout"	13	"Lotu"	15:00:00	"F0"	"belle"	"0-10"	NA	NA	NA	"Laure-Helene, Fred (CDC)"	"Base sur Lotu 9h"
2020-08-13	2020	"aout"	13	"Lotu"	17:00:00	"F0"	"belle"	"0-10"	NA	NA	NA	"Laure-Helene, Fred (CDC)"	"Base sur Lotu 9h"
2020-08-13	2020	"aout"	13	"Mezzanu"	09:00:00	"F0"	"belle"	"0-10"	NA	NA	NA	"Laure-Helene, Fred (CDC)"	NA
2020-08-13	2020	"aout"	13	"Mezzanu"	12:00:00	"F0"	"belle"	"0-10"	NA	NA	NA	"Laure-Helene, Fred (CDC)"	"Base sur Petit Lotu 9h"
2020-08-13	2020	"aout"	13	"Mezzanu"	15:00:00	"F0"	"belle"	"0-10"	NA	NA	NA	"Laure-Helene, Fred (CDC)"	"Base sur Petit Lotu 9h"
2020-08-13	2020	"aout"	13	"Mezzanu"	17:00:00	"F0"	"belle"	"0-10"	NA	NA	NA	"Laure-Helene, Fred (CDC)"	"Base sur Petit Lotu 9h"
2020-08-13	2020	"aout"	13	"Saleccia"	09:00:00	"F0"	"belle"	"0-10"	NA	NA	NA	"Laure-Helene, Fred (CDC)"	NA
2020-08-13	2020	"aout"	13	"Saleccia"	12:00:00	"F0"	"belle"	"0-10"	NA	NA	NA	"Laure-Helene, Fred (CDC)"	"Base sur Saleccia 9h"
2020-08-13	2020	"aout"	13	"Saleccia"	15:00:00	"F0"	"belle"	"0-10"	NA	NA	NA	"Laure-Helene, Fred (CDC)"	"Base sur Saleccia 9h"
2020-08-13	2020	"aout"	13	"Saleccia"	17:00:00	"F0"	"belle"	"0-10"	NA	NA	NA	"Laure-Helene, Fred (CDC)"	"Base sur Saleccia 9h"
2020-08-13	2020	"aout"	13	"A Cala Francesa"	11:00:20	"F2"	"peu agitee"	"0-10"	NA	"SE"	NA	"Aurelie Essartier"	NA
2020-08-13	2020	"aout"	13	"A Cala Genovese"	11:00:15	"F2"	"peu agitee"	"0-10"	NA	"SE"	NA	"Aurelie Essartier"	NA
2020-08-13	2020	"aout"	13	"A Giraglia"	11:00:30	"F2"	"peu agitee"	"0-10"	NA	"SE"	NA	"Aurelie Essartier"	NA
2020-08-13	2020	"aout"	13	"A Punta d'a Coscia"	11:00:04	"F2"	"peu agitee"	"0-10"	NA	"SE"	NA	"Aurelie Essartier"	NA
2020-08-13	2020	"aout"	13	"A Punta d'Agnellu"	11:00:26	"F2"	"peu agitee"	"0-10"	NA	"SE"	NA	"Aurelie Essartier"	NA
2020-08-13	2020	"aout"	13	"A Punta di Capannula"	11:00:22	"F2"	"peu agitee"	"0-10"	NA	"SE"	NA	"Aurelie Essartier"	NA
2020-08-13	2020	"aout"	13	"A Torra d'Agnellu"	11:00:26	"F2"	"peu agitee"	"0-10"	NA	"SE"	NA	"Aurelie Essartier"	NA
2020-08-13	2020	"aout"	13	"Barcaghju"	11:00:28	"F2"	"peu agitee"	"0-10"	NA	"SE"	NA	"Aurelie Essartier"	NA
2020-08-13	2020	"aout"	13	"Capannula"	11:00:24	"F2"	"peu agitee"	"0-10"	NA	"SE"	NA	"Aurelie Essartier"	NA
2020-08-13	2020	"aout"	13	"E Finocchjarole"	11:00:08	"F2"	"peu agitee"	"0-10"	NA	"SE"	NA	"Aurelie Essartier"	NA
2020-08-13	2020	"aout"	13	"Padulu"	11:00:02	"F2"	"peu agitee"	"0-10"	NA	"SE"	NA	"Aurelie Essartier"	NA
2020-08-13	2020	"aout"	13	"Santa Maria"	11:00:10	"F2"	"peu agitee"	"0-10"	NA	"SE"	NA	"Aurelie Essartier"	NA
2020-08-13	2020	"aout"	13	"Tamarone"	11:00:06	"F2"	"peu agitee"	"0-10"	NA	"SE"	NA	"Aurelie Essartier"	NA
2020-08-13	2020	"aout"	13	"U Portu di Macinaghju"	11:00:00	"F2"	"peu agitee"	"0-10"	NA	"SE"	NA	"Aurelie Essartier"	NA
2020-09-09	2020	"septembre"	9	"Fiume Santu"	09:00:00	"F1"	"peu agitee"	"0-10"	NA	NA	NA	"Jean-Phi, Frank"	NA
2020-09-09	2020	"septembre"	9	"Fiume Santu"	12:00:00	"F1"	"peu agitee"	"0-10"	NA	NA	NA	"Jean-Phi, Frank"	"Base sur Fiume Santu 9h"
2020-09-09	2020	"septembre"	9	"Fiume Santu"	15:00:00	"F1"	"peu agitee"	"0-10"	NA	NA	NA	"Jean-Phi, Frank"	"Base sur Fiume Santu 9h"
2020-09-09	2020	"septembre"	9	"Fiume Santu"	17:00:00	"F1"	"peu agitee"	"0-10"	NA	NA	NA	"Jean-Phi, Frank"	"Base sur Fiume Santu 9h"
2020-09-09	2020	"septembre"	9	"Lotu"	09:00:00	"F1"	"peu agitee"	"0-10"	NA	NA	NA	"Jean-Phi, Frank"	NA
2020-09-09	2020	"septembre"	9	"Lotu"	12:00:00	"F1"	"peu agitee"	"0-10"	NA	NA	NA	"Jean-Phi, Frank"	"Base sur Lotu 9h"
2020-09-09	2020	"septembre"	9	"Lotu"	15:00:00	"F1"	"peu agitee"	"0-10"	NA	NA	NA	"Jean-Phi, Frank"	"Base sur Lotu 9h"
2020-09-09	2020	"septembre"	9	"Lotu"	17:00:00	"F1"	"peu agitee"	"0-10"	NA	NA	NA	"Jean-Phi, Frank"	"Base sur Lotu 9h"
2020-09-09	2020	"septembre"	9	"Mezzanu"	09:00:00	"F1"	"peu agitee"	"0-10"	NA	NA	NA	"Jean-Phi, Frank"	NA
2020-09-09	2020	"septembre"	9	"Mezzanu"	12:00:00	"F1"	"peu agitee"	"0-10"	NA	NA	NA	"Jean-Phi, Frank"	"Base sur Petit Lotu 9h"
2020-09-09	2020	"septembre"	9	"Mezzanu"	15:00:00	"F1"	"peu agitee"	"0-10"	NA	NA	NA	"Jean-Phi, Frank"	"Base sur Petit Lotu 9h"
2020-09-09	2020	"septembre"	9	"Mezzanu"	17:00:00	"F1"	"peu agitee"	"0-10"	NA	NA	NA	"Jean-Phi, Frank"	"Base sur Petit Lotu 9h"
2020-09-09	2020	"septembre"	9	"Saleccia"	09:00:00	"F1"	"peu agitee"	"0-10"	NA	NA	NA	"Sophie, Sebastien"	NA
2020-09-09	2020	"septembre"	9	"Saleccia"	12:00:00	"F1"	"peu agitee"	"0-10"	NA	NA	NA	"Sophie, Sebastien"	"Base sur Saleccia 9h"
2020-09-09	2020	"septembre"	9	"Saleccia"	15:00:00	"F1"	"peu agitee"	"0-10"	NA	NA	NA	"Sophie, Sebastien"	"Base sur Saleccia 9h"
2020-09-09	2020	"septembre"	9	"Saleccia"	17:00:00	"F1"	"peu agitee"	"0-10"	NA	NA	NA	"Sophie, Sebastien"	"Base sur Saleccia 9h"
2021-06-16	2021	"juin"	16	"Fiume Santu"	09:00:00	"F1"	"ridee"	"0-10"	26	"E"	NA	"Axel, Sophie"	"Uniquement issu de Saleccia jour"
2021-06-16	2021	"juin"	16	"Fiume Santu"	12:00:00	"F1"	"ridee"	"0-10"	26	"E"	NA	"Axel, Sophie"	"Uniquement issu de Saleccia jour"
2021-06-16	2021	"juin"	16	"Fiume Santu"	15:00:00	"F1"	"ridee"	"0-10"	26	"E"	NA	"Axel, Sophie"	"Uniquement issu de Saleccia jour"
2021-06-16	2021	"juin"	16	"Fiume Santu"	17:00:00	"F1"	"ridee"	"0-10"	26	"E"	NA	"Axel, Sophie"	"Uniquement issu de Saleccia jour"
2021-06-16	2021	"juin"	16	"Lotu"	09:00:00	"F1"	"ridee"	"0-10"	26	"E"	NA	"Aurelie, Perrine"	"Uniquement issu de Lotu jour"
2021-06-16	2021	"juin"	16	"Lotu"	12:00:00	"F1"	"ridee"	"0-10"	26	"E"	NA	"Aurelie, Perrine"	"Uniquement issu de Lotu jour"
2021-06-16	2021	"juin"	16	"Lotu"	15:00:00	"F1"	"ridee"	"0-10"	26	"E"	NA	"Aurelie, Perrine"	"Uniquement issu de Lotu jour"
2021-06-16	2021	"juin"	16	"Lotu"	17:00:00	"F1"	"ridee"	"0-10"	26	"E"	NA	"Aurelie, Perrine"	"Uniquement issu de Lotu jour"
2021-06-16	2021	"juin"	16	"Mezzanu"	09:00:00	"F1"	"ridee"	"0-10"	26	"E"	NA	"Axel, Sophie"	"Uniquement issu de Saleccia jour"
2021-06-16	2021	"juin"	16	"Mezzanu"	12:00:00	"F1"	"ridee"	"0-10"	26	"E"	NA	"Axel, Sophie"	"Uniquement issu de Saleccia jour"
2021-06-16	2021	"juin"	16	"Mezzanu"	15:00:00	"F1"	"ridee"	"0-10"	26	"E"	NA	"Axel, Sophie"	"Uniquement issu de Saleccia jour"
2021-06-16	2021	"juin"	16	"Mezzanu"	17:00:00	"F1"	"ridee"	"0-10"	26	"E"	NA	"Axel, Sophie"	"Uniquement issu de Saleccia jour"
2021-06-16	2021	"juin"	16	"Saleccia"	09:00:00	"F1"	"ridee"	"0-10"	26	"E"	NA	"Axel, Sophie"	"Uniquement issu de Saleccia jour"
2021-06-16	2021	"juin"	16	"Saleccia"	12:00:00	"F1"	"ridee"	"0-10"	26	"E"	NA	"Axel, Sophie"	"Uniquement issu de Saleccia jour"
2021-06-16	2021	"juin"	16	"Saleccia"	15:00:00	"F1"	"ridee"	"0-10"	26	"E"	NA	"Axel, Sophie"	"Uniquement issu de Saleccia jour"
2021-06-16	2021	"juin"	16	"Saleccia"	17:00:00	"F1"	"ridee"	"0-10"	26	"E"	NA	"Axel, Sophie"	"Uniquement issu de Saleccia jour"
2021-07-28	2021	"juillet"	28	"Fiume Santu"	09:00:00	"F1"	"calme"	"0-10"	26	"NO"	"SO"	"Laurent, Alex"	NA
2021-07-28	2021	"juillet"	28	"Fiume Santu"	12:00:00	"F1"	"calme"	"0-10"	NA	"NO"	"SO"	"Laurent, Alex"	NA
2021-07-28	2021	"juillet"	28	"Fiume Santu"	15:00:00	NA	NA	NA	NA	NA	NA	"Laurent, Alex"	NA
2021-07-28	2021	"juillet"	28	"Fiume Santu"	17:00:00	"F2"	"ridee"	"0-10"	NA	"NO"	"SO"	"Laurent, Alex"	NA
2021-07-28	2021	"juillet"	28	"Lotu"	09:00:00	"F1"	"calme"	"0-10"	26	"NO"	"SO"	"Laurent, Alex"	NA
2021-07-28	2021	"juillet"	28	"Lotu"	12:00:00	"F0"	"calme"	"10-25"	NA	"N"	"SO"	"Laurent, Alex"	NA
2021-07-28	2021	"juillet"	28	"Lotu"	15:00:00	NA	NA	NA	NA	NA	NA	"Laurent, Alex"	NA
2021-07-28	2021	"juillet"	28	"Lotu"	17:00:00	"F0"	"calme"	"0-10"	NA	"NO"	"SO"	"Laurent, Alex"	NA
2021-07-28	2021	"juillet"	28	"Mezzanu"	09:00:00	"F1"	"calme"	"0-10"	26	"NO"	"SE"	"Laurent, Alex"	NA
2021-07-28	2021	"juillet"	28	"Mezzanu"	12:00:00	"F1"	"calme"	"0-10"	NA	"NO"	"SE"	"Laurent, Alex"	NA
2021-07-28	2021	"juillet"	28	"Mezzanu"	15:00:00	NA	NA	NA	NA	NA	NA	"Laurent, Alex"	NA
2021-07-28	2021	"juillet"	28	"Mezzanu"	17:00:00	"F1"	"calme"	"0-10"	NA	"NO"	"SE"	"Laurent, Alex"	NA
2021-07-28	2021	"juillet"	28	"Saleccia"	09:00:00	"F1"	"calme"	"0-10"	27	"NO"	"SE"	"Laurent, Alex"	NA
2021-07-28	2021	"juillet"	28	"Saleccia"	12:00:00	"F0"	"calme"	"0-10"	NA	"NO"	"SE"	"Laurent, Alex"	NA
2021-07-28	2021	"juillet"	28	"Saleccia"	15:00:00	"F0"	"calme"	"0-10"	NA	"SO"	"SE"	"Laurent, Alex"	NA
2021-07-28	2021	"juillet"	28	"Saleccia"	17:00:00	NA	NA	NA	NA	NA	NA	"Laurent, Alex"	NA
2021-08-18	2021	"aout"	18	"Fiume Santu"	09:00:00	"F1"	"calme"	"0-10"	26	"N"	NA	"Frank, Alex"	NA
2021-08-18	2021	"aout"	18	"Fiume Santu"	12:00:00	"F1"	"calme"	"0-10"	28	"N"	NA	"Frank, Alex"	NA
2021-08-18	2021	"aout"	18	"Fiume Santu"	15:00:00	"F1"	"calme"	"0-10"	28	"NE"	NA	"Frank, Alex"	NA
2021-08-18	2021	"aout"	18	"Fiume Santu"	17:00:00	"F1"	"calme"	"0-10"	27	"NE"	NA	"Frank, Alex"	NA
2021-08-18	2021	"aout"	18	"Lotu"	09:00:00	"F1"	"calme"	"0-10"	25	"NE"	NA	"Frank, Alex"	NA
2021-08-18	2021	"aout"	18	"Lotu"	12:00:00	"F2"	"ridee"	"10-25"	28	"N"	"S"	"Frank, Alex"	NA
2021-08-18	2021	"aout"	18	"Lotu"	15:00:00	"F2"	"ridee"	"10-25"	28	"NO"	"SE"	"Frank, Alex"	NA
2021-08-18	2021	"aout"	18	"Lotu"	17:00:00	"F1"	"ridee"	"0-10"	27	"NO"	"SE"	"Frank, Alex"	NA
2021-08-18	2021	"aout"	18	"Mezzanu"	09:00:00	"F1"	"calme"	"0-10"	25	"NE"	NA	"Frank, Alex"	NA
2021-08-18	2021	"aout"	18	"Mezzanu"	12:00:00	"F2"	"ridee"	"10-25"	28	"O"	"S"	"Frank, Alex"	NA
2021-08-18	2021	"aout"	18	"Mezzanu"	15:00:00	"F2"	"ridee"	"10-25"	28	"NO"	"SE"	"Frank, Alex"	NA
2021-08-18	2021	"aout"	18	"Mezzanu"	17:00:00	"F1"	"ridee"	"0-10"	27	"NO"	"SE"	"Frank, Alex"	NA
2021-08-18	2021	"aout"	18	"Saleccia"	09:00:00	"F1"	"ridee"	"0-10"	25	"O"	"E"	"Frank, Alex"	NA
2021-08-18	2021	"aout"	18	"Saleccia"	12:00:00	"F1"	"ridee"	"10-25"	28	"NO"	"S"	"Frank, Alex"	NA
2021-08-18	2021	"aout"	18	"Saleccia"	15:00:00	"F2"	"belle"	"10-25"	28	"NO"	"SE"	"Frank, Alex"	NA
2021-08-18	2021	"aout"	18	"Saleccia"	17:00:00	"F2"	"ridee"	"10-25"	26	"NO"	"SE"	"Frank, Alex"	NA
2021-09-02	2021	"septembre"	2	"Fiume Santu"	09:00:00	"F2"	"ridee"	"25-50"	24	"E"	"O"	"Alex, Jean-Phi"	NA
2021-09-02	2021	"septembre"	2	"Fiume Santu"	12:00:00	"F3"	"peu agitee"	"50-75"	25	"E"	"O"	"Alex, Jean-Phi"	NA
2021-09-02	2021	"septembre"	2	"Fiume Santu"	15:00:00	"F3"	"peu agitee"	"75-100"	25	"E"	"O"	"Alex, Jean-Phi"	NA
2021-09-02	2021	"septembre"	2	"Fiume Santu"	17:00:00	"F2"	"peu agitee"	"75-100"	25	"E"	"O"	"Alex, Jean-Phi"	NA
2021-09-02	2021	"septembre"	2	"Lotu"	09:00:00	"F2"	"ridee"	"25-50"	24	"E"	"O"	"Alex, Jean-Phi"	NA
2021-09-02	2021	"septembre"	2	"Lotu"	12:00:00	"F3"	"peu agitee"	"50-75"	26	"E"	"O"	"Alex, Jean-Phi"	NA
2021-09-02	2021	"septembre"	2	"Lotu"	15:00:00	"F3"	"peu agitee"	"50-75"	25	"E"	"O"	"Alex, Jean-Phi"	NA
2021-09-02	2021	"septembre"	2	"Lotu"	17:00:00	"F2"	"peu agitee"	"75-100"	25	"E"	"O"	"Alex, Jean-Phi"	NA
2021-09-02	2021	"septembre"	2	"Mezzanu"	09:00:00	"F2"	"ridee"	"25-50"	24	"E"	"O"	"Alex, Jean-Phi"	NA
2021-09-02	2021	"septembre"	2	"Mezzanu"	12:00:00	"F3"	"peu agitee"	"50-75"	26	"E"	"O"	"Alex, Jean-Phi"	NA
2021-09-02	2021	"septembre"	2	"Mezzanu"	15:00:00	"F3"	"peu agitee"	"50-75"	25	"E"	"O"	"Alex, Jean-Phi"	NA
2021-09-02	2021	"septembre"	2	"Mezzanu"	17:00:00	"F2"	"peu agitee"	"75-100"	25	"E"	"O"	"Alex, Jean-Phi"	NA
2021-09-02	2021	"septembre"	2	"Saleccia"	09:00:00	"F2"	"ridee"	"25-50"	24	"E"	"O"	"Alex, Jean-Phi"	NA
2021-09-02	2021	"septembre"	2	"Saleccia"	12:00:00	"F3"	"peu agitee"	"50-75"	25	"E"	"O"	"Alex, Jean-Phi"	NA
2021-09-02	2021	"septembre"	2	"Saleccia"	15:00:00	"F3"	"peu agitee"	"50-75"	24	"E"	"O"	"Alex, Jean-Phi"	NA
2021-09-02	2021	"septembre"	2	"Saleccia"	17:00:00	"F2"	"peu agitee"	"75-100"	24	"E"	"O"	"Alex, Jean-Phi"	NA
2022-06-21	2022	"juin"	21	"Fiume Santu"	09:00:00	"F1"	"ridee"	"0-10"	28	"SE"	NA	"Jean-Phi CASANOVA, Alex CRISPI"	NA
2022-06-21	2022	"juin"	21	"Fiume Santu"	12:00:00	"F3"	"ridee"	"10-25"	28	"N"	"S"	"Jean-Phi CASANOVA, Alex CRISPI"	NA
2022-06-21	2022	"juin"	21	"Fiume Santu"	15:00:00	"F2"	"belle"	"0-10"	28	"N"	"S"	"Jean-Phi CASANOVA, Alex CRISPI"	NA
2022-06-21	2022	"juin"	21	"Fiume Santu"	17:00:00	"F0"	"calme"	"0-10"	29	"N"	"S"	"Jean-Phi CASANOVA, Alex CRISPI"	NA
2022-06-21	2022	"juin"	21	"Lotu"	09:00:00	"F1"	"ridee"	"0-10"	28	"SE"	NA	"Jean-Phi CASANOVA, Alex CRISPI"	NA
2022-06-21	2022	"juin"	21	"Lotu"	12:00:00	"F3"	"belle"	"10-25"	28	"N"	"S"	"Jean-Phi CASANOVA, Alex CRISPI"	NA
2022-06-21	2022	"juin"	21	"Lotu"	15:00:00	"F2"	"belle"	"10-25"	29	"N"	"S"	"Jean-Phi CASANOVA, Alex CRISPI"	NA
2022-06-21	2022	"juin"	21	"Lotu"	17:00:00	"F0"	"calme"	"0-10"	29	"N"	"S"	"Jean-Phi CASANOVA, Alex CRISPI"	NA
2022-06-21	2022	"juin"	21	"Mezzanu"	09:00:00	"F1"	"ridee"	"0-10"	28	"SE"	NA	"Jean-Phi CASANOVA, Alex CRISPI"	NA
2022-06-21	2022	"juin"	21	"Mezzanu"	12:00:00	"F3"	"belle"	"10-25"	28	"N"	"S"	"Jean-Phi CASANOVA, Alex CRISPI"	NA
2022-06-21	2022	"juin"	21	"Mezzanu"	15:00:00	"F2"	"belle"	"10-25"	28	"N"	"S"	"Jean-Phi CASANOVA, Alex CRISPI"	NA
2022-06-21	2022	"juin"	21	"Mezzanu"	17:00:00	"F0"	"calme"	"0-10"	29	"N"	"S"	"Jean-Phi CASANOVA, Alex CRISPI"	NA
2022-06-21	2022	"juin"	21	"Saleccia"	09:00:00	"F1"	"calme"	"0-10"	28	"SE"	NA	"Jean-Phi CASANOVA, Alex CRISPI"	NA
2022-06-21	2022	"juin"	21	"Saleccia"	12:00:00	"F2"	"ridee"	"10-25"	27	"N"	"S"	"Jean-Phi CASANOVA, Alex CRISPI"	NA
2022-06-21	2022	"juin"	21	"Saleccia"	15:00:00	"F1"	"belle"	"10-25"	28	"N"	"S"	"Jean-Phi CASANOVA, Alex CRISPI"	NA
2022-06-21	2022	"juin"	21	"Saleccia"	17:00:00	"F2"	"ridee"	"0-10"	29	"N"	"S"	"Jean-Phi CASANOVA, Alex CRISPI"	NA
2022-07-28	2022	"juillet"	28	"Fiume Santu"	09:00:00	"F1"	"belle"	"0-10"	28	"NO"	"SE"	"A. Crispi, A. Priouzeau, J-P Casanova"	NA
2022-07-28	2022	"juillet"	28	"Fiume Santu"	12:00:00	"F3"	"belle"	"0-10"	31	"NO"	"SE"	"A. Crispi, A. Priouzeau, J-P Casanova"	NA
2022-07-28	2022	"juillet"	28	"Fiume Santu"	15:00:00	"F2"	"belle"	"0-10"	30	"NO"	"SE"	"A. Crispi, A. Priouzeau, J-P Casanova"	NA
2022-07-28	2022	"juillet"	28	"Fiume Santu"	17:00:00	"F1"	"belle"	"0-10"	28	"NO"	"SE"	"A. Crispi, A. Priouzeau, J-P Casanova"	NA
2022-07-28	2022	"juillet"	28	"Lotu"	09:00:00	"F1"	"belle"	"0-10"	28	"NO"	"SE"	"A. Crispi, A. Priouzeau, J-P Casanova"	NA
2022-07-28	2022	"juillet"	28	"Lotu"	12:00:00	"F3"	"belle"	"0-10"	31	"NO"	"SE"	"A. Crispi, A. Priouzeau, J-P Casanova"	NA
2022-07-28	2022	"juillet"	28	"Lotu"	15:00:00	"F1"	"belle"	"0-10"	32	"NO"	"SE"	"A. Crispi, A. Priouzeau, J-P Casanova"	NA
2022-07-28	2022	"juillet"	28	"Lotu"	17:00:00	"F1"	"belle"	"0-10"	28	"NO"	"SE"	"A. Crispi, A. Priouzeau, J-P Casanova"	NA
2022-07-28	2022	"juillet"	28	"Mezzanu"	09:00:00	"F1"	"belle"	"0-10"	28	"NO"	"SE"	"A. Crispi, A. Priouzeau, J-P Casanova"	NA
2022-07-28	2022	"juillet"	28	"Mezzanu"	12:00:00	"F3"	"belle"	"0-10"	31	"NO"	"SE"	"A. Crispi, A. Priouzeau, J-P Casanova"	NA
2022-07-28	2022	"juillet"	28	"Mezzanu"	15:00:00	"F2"	"belle"	"0-10"	30	"NO"	"SE"	"A. Crispi, A. Priouzeau, J-P Casanova"	NA
2022-07-28	2022	"juillet"	28	"Mezzanu"	17:00:00	"F1"	"belle"	"0-10"	28	"NO"	"SE"	"A. Crispi, A. Priouzeau, J-P Casanova"	NA
2022-07-28	2022	"juillet"	28	"Saleccia"	09:00:00	"F1"	"belle"	"0-10"	28	"NO"	"SE"	"A. Crispi, A. Priouzeau, J-P Casanova"	NA
2022-07-28	2022	"juillet"	28	"Saleccia"	12:00:00	"F3"	"peu agitee"	"0-10"	32	"NO"	"SE"	"A. Crispi, A. Priouzeau, J-P Casanova"	NA
2022-07-28	2022	"juillet"	28	"Saleccia"	15:00:00	"F2"	"belle"	"0-10"	30	"NO"	"SE"	"A. Crispi, A. Priouzeau, J-P Casanova"	NA
2022-07-28	2022	"juillet"	28	"Saleccia"	17:00:00	"F1"	"belle"	"0-10"	28	"NO"	"SE"	"A. Crispi, A. Priouzeau, J-P Casanova"	NA
2022-08-10	2022	"aout"	10	"Fiume Santu"	09:00:00	"F2"	"belle"	"0-10"	28	"SE"	NA	"Laurent Ricquiers, Axel Priouzeau"	NA
2022-08-10	2022	"aout"	10	"Fiume Santu"	12:00:00	"F3"	"belle"	"0-10"	32	"E"	NA	"Laurent Ricquiers, Axel Priouzeau"	NA
2022-08-10	2022	"aout"	10	"Fiume Santu"	15:00:00	"F4"	"peu agitee"	"0-10"	33	"NE"	NA	"Laurent Ricquiers, Axel Priouzeau"	NA
2022-08-10	2022	"aout"	10	"Fiume Santu"	17:00:00	NA	NA	NA	NA	NA	NA	NA	"Pas de comptage probleme echouage"
2022-08-10	2022	"aout"	10	"Lotu"	09:00:00	"F2"	"belle"	"0-10"	28	"SE"	NA	"Laurent Ricquiers, Axel Priouzeau"	NA
2022-08-10	2022	"aout"	10	"Lotu"	12:00:00	"F2"	"belle"	"0-10"	32	"ESE"	NA	"Laurent Ricquiers, Axel Priouzeau"	NA
2022-08-10	2022	"aout"	10	"Lotu"	15:00:00	"F2"	"belle"	"0-10"	33	"E"	NA	"Laurent Ricquiers, Axel Priouzeau"	NA
2022-08-10	2022	"aout"	10	"Lotu"	17:00:00	NA	NA	NA	NA	NA	NA	NA	"Pas de comptage probleme echouage"
2022-08-10	2022	"aout"	10	"Mezzanu"	09:00:00	"F2"	"belle"	"0-10"	28	"SE"	NA	"Laurent Ricquiers, Axel Priouzeau"	NA
2022-08-10	2022	"aout"	10	"Mezzanu"	12:00:00	"F2"	"belle"	"0-10"	32	"ESE"	NA	"Laurent Ricquiers, Axel Priouzeau"	NA
2022-08-10	2022	"aout"	10	"Mezzanu"	15:00:00	"F2"	"belle"	"0-10"	33	"E"	NA	"Laurent Ricquiers, Axel Priouzeau"	NA
2022-08-10	2022	"aout"	10	"Mezzanu"	17:00:00	NA	NA	NA	NA	NA	NA	NA	"Pas de comptage probleme echouage"
2022-08-10	2022	"aout"	10	"Saleccia"	09:00:00	"F2"	"belle"	"0-10"	28	"SE"	NA	"Laurent Ricquiers, Axel Priouzeau"	NA
2022-08-10	2022	"aout"	10	"Saleccia"	12:00:00	"F2"	"belle"	"0-10"	32	"ESE"	NA	"Laurent Ricquiers, Axel Priouzeau"	NA
2022-08-10	2022	"aout"	10	"Saleccia"	15:00:00	"F2"	"belle"	"0-10"	33	"E"	NA	"Laurent Ricquiers, Axel Priouzeau"	NA
2022-08-10	2022	"aout"	10	"Saleccia"	17:00:00	NA	NA	NA	NA	NA	NA	NA	"Pas de comptage probleme echouage"
2022-09-12	2022	"septembre"	12	"Lotu"	09:00:00	"F0"	"calme"	"0-10"	26	NA	NA	"Alex, Cedric, Perrine"	NA
2022-09-12	2022	"septembre"	12	"Lotu"	12:00:00	"F1"	"ridee"	"0-10"	27	"N"	"S"	"Alex, Cedric, Perrine"	NA
2022-09-12	2022	"septembre"	12	"Lotu"	15:00:00	"F0"	"ridee"	"10-25"	28	"N"	"S"	"Alex, Cedric, Perrine"	NA
2022-09-12	2022	"septembre"	12	"Lotu"	17:00:00	"F0"	"ridee"	"10-25"	28	"N"	"S"	"Alex, Cedric, Perrine"	NA
2022-09-12	2022	"septembre"	12	"Mezzanu"	09:00:00	"F0"	"calme"	"0-10"	26	NA	NA	"Alex, Cedric, Perrine"	NA
2022-09-12	2022	"septembre"	12	"Mezzanu"	12:00:00	"F1"	"ridee"	"0-10"	27	"N"	"S"	"Alex, Cedric, Perrine"	NA
2022-09-12	2022	"septembre"	12	"Mezzanu"	15:00:00	"F0"	"ridee"	"10-25"	28	"N"	"S"	"Alex, Cedric, Perrine"	NA
2022-09-12	2022	"septembre"	12	"Mezzanu"	17:00:00	"F0"	"ridee"	"10-25"	28	"N"	"S"	"Alex, Cedric, Perrine"	NA
2022-09-12	2022	"septembre"	12	"Saleccia"	09:00:00	"F0"	"calme"	"0-10"	26	NA	NA	"Alex, Cedric, Perrine"	NA
2022-09-12	2022	"septembre"	12	"Saleccia"	12:00:00	"F1"	"ridee"	"0-10"	27	"N"	"S"	"Alex, Cedric, Perrine"	NA
2022-09-12	2022	"septembre"	12	"Saleccia"	15:00:00	"F0"	"ridee"	"10-25"	28	"N"	"S"	"Alex, Cedric, Perrine"	NA
2022-09-12	2022	"septembre"	12	"Saleccia"	17:00:00	"F0"	"ridee"	"10-25"	28	"N"	"S"	"Alex, Cedric, Perrine"	NA
2023-06-23	2023	"juin"	23	"Fiume Santu"	09:00:00	"F0"	"calme"	"0-10"	29	NA	NA	"Laurent, Jean Phi"	NA
2023-06-23	2023	"juin"	23	"Fiume Santu"	12:00:00	"F1"	"calme"	"0-10"	30	"O"	NA	"Laurent, Jean Phi"	NA
2023-06-23	2023	"juin"	23	"Fiume Santu"	15:00:00	"F2"	"belle"	"0-10"	30	"O"	"E"	"Laurent, Jean Phi"	NA
2023-06-23	2023	"juin"	23	"Fiume Santu"	17:00:00	"F3"	"belle"	"0-10"	30	"O"	"E"	"Laurent, Jean Phi"	NA
2023-06-23	2023	"juin"	23	"Lotu"	09:00:00	"F1"	"ridee"	"0-10"	26	"SE"	"SE"	"Laurent, Jean Phi"	NA
2023-06-23	2023	"juin"	23	"Lotu"	12:00:00	"F2"	"ridee"	"0-10"	29	"SE"	"SE"	"Laurent, Jean Phi"	NA
2023-06-23	2023	"juin"	23	"Lotu"	15:00:00	"F2"	"belle"	"0-10"	30	"O"	"E"	"Laurent, Jean Phi"	NA
2023-06-23	2023	"juin"	23	"Lotu"	17:00:00	"F3"	"belle"	"0-10"	30	"O"	"E"	"Laurent, Jean Phi"	NA
2023-06-23	2023	"juin"	23	"Mezzanu"	09:00:00	"F1"	"ridee"	"0-10"	26	"SE"	"SE"	"Laurent, Jean Phi"	NA
2023-06-23	2023	"juin"	23	"Mezzanu"	12:00:00	"F1"	"calme"	"0-10"	30	"SO"	"SO"	"Laurent, Jean Phi"	NA
2023-06-23	2023	"juin"	23	"Mezzanu"	15:00:00	"F2"	"belle"	"0-10"	30	"O"	"E"	"Laurent, Jean Phi"	NA
2023-06-23	2023	"juin"	23	"Mezzanu"	17:00:00	"F3"	"belle"	"0-10"	30	"O"	"E"	"Laurent, Jean Phi"	NA
2023-06-23	2023	"juin"	23	"Saleccia"	09:00:00	"F0"	"ridee"	"10-25"	26	NA	"SE"	"Laurent, Jean Phi"	NA
2023-06-23	2023	"juin"	23	"Saleccia"	12:00:00	"F3"	"belle"	"0-10"	32	"SO"	"SE"	"Laurent, Jean Phi"	NA
2023-06-23	2023	"juin"	23	"Saleccia"	15:00:00	"F2"	"belle"	"0-10"	30	"O"	"E"	"Laurent, Jean Phi"	NA
2023-06-23	2023	"juin"	23	"Saleccia"	17:00:00	"F3"	"belle"	"0-10"	30	"O"	"E"	"Laurent, Jean Phi"	NA
2023-06-23	2023	"juin"	23	"A Torra di Murtella"	09:00:00	"F0"	"calme"	"0-10"	28	NA	NA	"Laurent, Jean Phi"	NA
2023-06-23	2023	"juin"	23	"A Torra di Murtella"	12:00:00	"F1"	"calme"	"0-10"	30	"O"	NA	"Laurent, Jean Phi"	NA
2023-06-23	2023	"juin"	23	"A Torra di Murtella"	15:00:00	"F2"	"belle"	"0-10"	30	"O"	"E"	"Laurent, Jean Phi"	NA
2023-06-23	2023	"juin"	23	"A Torra di Murtella"	17:00:00	"F3"	"belle"	"0-10"	30	"O"	"E"	"Laurent, Jean Phi"	NA
2023-06-23	2023	"juin"	23	"Ghignu"	09:00:00	"F3"	"peu agitee"	"0-10"	25	"O"	"E"	"Laurent CECCALDI"	NA
2023-06-23	2023	"juin"	23	"Ghignu"	12:00:00	"F3"	"peu agitee"	"0-10"	26	"O"	"E"	"Laurent CECCALDI"	NA
2023-06-23	2023	"juin"	23	"Ghignu"	15:00:00	"F3"	"peu agitee"	"0-10"	28	"O"	"E"	"Laurent CECCALDI"	NA
2023-06-23	2023	"juin"	23	"Ghignu"	17:00:00	"F3"	"peu agitee"	"0-10"	26	"O"	"E"	"Laurent CECCALDI"	NA
2023-06-23	2023	"juin"	23	"Malfalcu"	09:00:00	"F3"	"peu agitee"	"10-25"	25	"O"	"E"	"Laurent CECCALDI"	NA
2023-06-23	2023	"juin"	23	"Malfalcu"	12:00:00	"F3"	"peu agitee"	"10-25"	26	"O"	"E"	"Laurent CECCALDI"	NA
2023-06-23	2023	"juin"	23	"Malfalcu"	15:00:00	"F4"	"agitee"	"10-25"	28	"O"	"E"	"Laurent CECCALDI"	NA
2023-06-23	2023	"juin"	23	"Malfalcu"	17:00:00	NA	NA	NA	NA	NA	NA	"Laurent CECCALDI"	"Non realise car mauvais temps"
2023-06-23	2023	"juin"	23	"U Travu"	09:00:00	"F3"	"peu agitee"	"10-25"	25	"O"	"E"	"Laurent CECCALDI"	NA
2023-06-23	2023	"juin"	23	"U Travu"	12:00:00	"F3"	"peu agitee"	"10-25"	26	"O"	"E"	"Laurent CECCALDI"	NA
2023-06-23	2023	"juin"	23	"U Travu"	15:00:00	"F4"	"agitee"	"10-25"	28	"O"	"E"	"Laurent CECCALDI"	NA
2023-06-23	2023	"juin"	23	"U Travu"	17:00:00	NA	NA	NA	NA	NA	NA	"Laurent CECCALDI"	"Non realise car mauvais temps"
2023-07-28	2023	"juillet"	28	"Fiume Santu"	09:00:00	"F1"	"ridee"	"25-50"	27	"N"	"SO"	"Kevin DCDFL, Axel Priouzeau"	NA
2023-07-28	2023	"juillet"	28	"Fiume Santu"	12:00:00	"F1"	"ridee"	"10-25"	30	"NO"	"SO"	"Kevin DCDFL, Axel Priouzeau"	NA
2023-07-28	2023	"juillet"	28	"Fiume Santu"	15:00:00	"F1"	"ridee"	"75-100"	27	"N"	"S"	"Kevin DCDFL, Axel Priouzeau"	NA
2023-07-28	2023	"juillet"	28	"Fiume Santu"	17:00:00	"F1"	"calme"	"50-75"	28	"N"	NA	"Kevin DCDFL, Axel Priouzeau"	NA
2023-07-28	2023	"juillet"	28	"Lotu"	09:00:00	"F0"	"calme"	"25-50"	27	NA	"S"	"Kevin DCDFL, Axel Priouzeau"	NA
2023-07-28	2023	"juillet"	28	"Lotu"	12:00:00	"F1"	"belle"	"10-25"	27	"NO"	"SO"	"Kevin DCDFL, Axel Priouzeau"	NA
2023-07-28	2023	"juillet"	28	"Lotu"	15:00:00	"F1"	"ridee"	"75-100"	27	"NO"	"SO"	"Kevin DCDFL, Axel Priouzeau"	NA
2023-07-28	2023	"juillet"	28	"Lotu"	17:00:00	"F1"	"ridee"	"50-75"	27	"NO"	"SE"	"Kevin DCDFL, Axel Priouzeau"	NA
2023-07-28	2023	"juillet"	28	"Mezzanu"	09:00:00	"F1"	"calme"	"25-50"	27	"N"	"SO"	"Kevin DCDFL, Axel Priouzeau"	NA
2023-07-28	2023	"juillet"	28	"Mezzanu"	12:00:00	"F1"	"belle"	"10-25"	27	"NO"	"SO"	"Kevin DCDFL, Axel Priouzeau"	NA
2023-07-28	2023	"juillet"	28	"Mezzanu"	15:00:00	"F1"	"ridee"	"75-100"	27	"NO"	"S"	"Kevin DCDFL, Axel Priouzeau"	NA
2023-07-28	2023	"juillet"	28	"Mezzanu"	17:00:00	"F1"	"ridee"	"50-75"	27	"NO"	"SE"	"Kevin DCDFL, Axel Priouzeau"	NA
2023-07-28	2023	"juillet"	28	"Saleccia"	09:00:00	"F0"	"ridee"	"25-50"	24	"N"	"S"	"Kevin DCDFL, Axel Priouzeau"	NA
2023-07-28	2023	"juillet"	28	"Saleccia"	12:00:00	"F1"	"belle"	"10-25"	27	"NO"	"SE"	"Kevin DCDFL, Axel Priouzeau"	NA
2023-07-28	2023	"juillet"	28	"Saleccia"	15:00:00	"F1"	"belle"	"50-75"	30	"NO"	"SE"	"Kevin DCDFL, Axel Priouzeau"	NA
2023-07-28	2023	"juillet"	28	"Saleccia"	17:00:00	"F1"	"ridee"	"50-75"	27	"NO"	"SE"	"Kevin DCDFL, Axel Priouzeau"	NA
2023-07-28	2023	"juillet"	28	"A Torra di Murtella"	09:00:00	NA	"ridee"	"25-50"	NA	NA	NA	"Kevin DCDFL, Axel Priouzeau"	NA
2023-07-28	2023	"juillet"	28	"A Torra di Murtella"	12:00:00	"F1"	"ridee"	"10-25"	30	"NO"	"SO"	"Kevin DCDFL, Axel Priouzeau"	NA
2023-07-28	2023	"juillet"	28	"A Torra di Murtella"	15:00:00	"F1"	"ridee"	"75-100"	27	"SO"	"S"	"Kevin DCDFL, Axel Priouzeau"	NA
2023-07-28	2023	"juillet"	28	"A Torra di Murtella"	17:00:00	"F1"	"calme"	"50-75"	27	"N"	"S"	"Kevin DCDFL, Axel Priouzeau"	NA
2023-07-28	2023	"juillet"	28	"Ghignu"	09:00:00	"F1"	"belle"	"25-50"	24	"O"	"E"	"Laurent, Julie"	NA
2023-07-28	2023	"juillet"	28	"Ghignu"	12:00:00	"F1"	"calme"	"0-10"	28	"O"	"E"	"Laurent, Julie"	NA
2023-07-28	2023	"juillet"	28	"Ghignu"	15:00:00	"F0"	"calme"	"10-25"	25	"O"	"E"	"Laurent, Julie"	NA
2023-07-28	2023	"juillet"	28	"Ghignu"	17:00:00	NA	NA	NA	NA	NA	NA	"Laurent, Julie"	NA
2023-07-28	2023	"juillet"	28	"Malfalcu"	09:00:00	"F1"	"belle"	"25-50"	24	"O"	"E"	"Laurent, Julie"	NA
2023-07-28	2023	"juillet"	28	"Malfalcu"	12:00:00	"F1"	"belle"	"0-10"	28	"O"	"E"	"Laurent, Julie"	NA
2023-07-28	2023	"juillet"	28	"Malfalcu"	15:00:00	"F0"	"calme"	"25-50"	25	"O"	"E"	"Laurent, Julie"	NA
2023-07-28	2023	"juillet"	28	"Malfalcu"	17:00:00	"F0"	"calme"	"25-50"	24	NA	NA	"Laurent, Julie"	NA
2023-07-28	2023	"juillet"	28	"U Travu"	09:00:00	"F1"	"belle"	"25-50"	24	"O"	"E"	"Laurent, Julie"	NA
2023-07-28	2023	"juillet"	28	"U Travu"	12:00:00	"F0"	"ridee"	"0-10"	28	"O"	"E"	"Laurent, Julie"	NA
2023-07-28	2023	"juillet"	28	"U Travu"	15:00:00	"F0"	"calme"	"25-50"	25	"O"	"E"	"Laurent, Julie"	NA
2023-07-28	2023	"juillet"	28	"U Travu"	17:00:00	NA	NA	NA	NA	NA	NA	"Laurent, Julie"	NA
2023-08-10	2023	"aout"	10	"Fiume Santu"	09:00:00	"F2"	"belle"	"0-10"	28	"NE"	"O"	"Kevin DCDFL, Alexandre Raibaldi"	NA
2023-08-10	2023	"aout"	10	"Fiume Santu"	12:00:00	"F3"	"belle"	"0-10"	25	"NE"	"O"	"Kevin DCDFL, Alexandre Raibaldi"	NA
2023-08-10	2023	"aout"	10	"Fiume Santu"	15:00:00	"F3"	"belle"	"10-25"	28	"NE"	"O"	"Kevin DCDFL, Alexandre Raibaldi"	NA
2023-08-10	2023	"aout"	10	"Fiume Santu"	17:00:00	"F3"	"belle"	"10-25"	26	"N"	NA	"Kevin DCDFL, Alexandre Raibaldi"	NA
2023-08-10	2023	"aout"	10	"Lotu"	09:00:00	"F2"	"belle"	"0-10"	28	"NE"	"O"	"Kevin DCDFL, Alexandre Raibaldi"	NA
2023-08-10	2023	"aout"	10	"Lotu"	12:00:00	"F3"	"belle"	"0-10"	26	"NE"	"O"	"Kevin DCDFL, Alexandre Raibaldi"	NA
2023-08-10	2023	"aout"	10	"Lotu"	15:00:00	"F2"	"belle"	"10-25"	28	"NE"	"O"	"Kevin DCDFL, Alexandre Raibaldi"	NA
2023-08-10	2023	"aout"	10	"Lotu"	17:00:00	"F3"	"belle"	"10-25"	27	"O"	"O"	"Kevin DCDFL, Alexandre Raibaldi"	NA
2023-08-10	2023	"aout"	10	"Mezzanu"	09:00:00	"F2"	"belle"	"0-10"	28	"NE"	"O"	"Kevin DCDFL, Alexandre Raibaldi"	NA
2023-08-10	2023	"aout"	10	"Mezzanu"	12:00:00	"F3"	"belle"	"0-10"	26	"NE"	"O"	"Kevin DCDFL, Alexandre Raibaldi"	NA
2023-08-10	2023	"aout"	10	"Mezzanu"	15:00:00	"F2"	"belle"	"10-25"	28	"NE"	"O"	"Kevin DCDFL, Alexandre Raibaldi"	NA
2023-08-10	2023	"aout"	10	"Mezzanu"	17:00:00	"F3"	"belle"	"10-25"	26	"O"	"O"	"Kevin DCDFL, Alexandre Raibaldi"	NA
2023-08-10	2023	"aout"	10	"Saleccia"	09:00:00	"F2"	"belle"	"0-10"	24	"NE"	"O"	"Kevin DCDFL, Alexandre Raibaldi"	NA
2023-08-10	2023	"aout"	10	"Saleccia"	12:00:00	"F3"	"belle"	"0-10"	27	"NE"	"O"	"Kevin DCDFL, Alexandre Raibaldi"	NA
2023-08-10	2023	"aout"	10	"Saleccia"	15:00:00	"F2"	"belle"	"10-25"	28	"NE"	"O"	"Kevin DCDFL, Alexandre Raibaldi"	NA
2023-08-10	2023	"aout"	10	"Saleccia"	17:00:00	"F3"	"belle"	"10-25"	26	"O"	"O"	"Kevin DCDFL, Alexandre Raibaldi"	NA
2023-08-10	2023	"aout"	10	"A Torra di Murtella"	09:00:00	"F2"	"belle"	"0-10"	28	"NE"	"O"	"Kevin DCDFL, Alexandre Raibaldi"	NA
2023-08-10	2023	"aout"	10	"A Torra di Murtella"	12:00:00	"F3"	"belle"	"0-10"	25	"NE"	"O"	"Kevin DCDFL, Alexandre Raibaldi"	NA
2023-08-10	2023	"aout"	10	"A Torra di Murtella"	15:00:00	"F3"	"belle"	"10-25"	28	"NE"	"O"	"Kevin DCDFL, Alexandre Raibaldi"	NA
2023-08-10	2023	"aout"	10	"A Torra di Murtella"	17:00:00	"F3"	"belle"	"10-25"	26	"N"	NA	"Kevin DCDFL, Alexandre Raibaldi"	NA
2023-09-06	2023	"septembre"	6	"Fiume Santu"	09:00:00	"F1"	"peu agitee"	"0-10"	28	"NE"	"SO"	"Alexandre Raibaldi, Alexandre Crispi"	NA
2023-09-06	2023	"septembre"	6	"Fiume Santu"	12:00:00	"F1"	"peu agitee"	"0-10"	28	"NE"	"SO"	"Alexandre Raibaldi, Alexandre Crispi"	NA
2023-09-06	2023	"septembre"	6	"Fiume Santu"	15:00:00	"F3"	"agitee"	"0-10"	28	"NE"	"SO"	"Alexandre Raibaldi, Alexandre Crispi"	NA
2023-09-06	2023	"septembre"	6	"Fiume Santu"	17:00:00	"F3"	"agitee"	"0-10"	28	"NE"	"SO"	"Alexandre Raibaldi, Alexandre Crispi"	NA
2023-09-06	2023	"septembre"	6	"Lotu"	09:00:00	"F1"	"peu agitee"	"0-10"	28	"NE"	"SO"	"Alexandre Raibaldi, Alexandre Crispi"	NA
2023-09-06	2023	"septembre"	6	"Lotu"	12:00:00	"F1"	"peu agitee"	"0-10"	28	"NE"	"SO"	"Alexandre Raibaldi, Alexandre Crispi"	NA
2023-09-06	2023	"septembre"	6	"Lotu"	15:00:00	"F3"	"agitee"	"0-10"	28	"NE"	"SO"	"Alexandre Raibaldi, Alexandre Crispi"	NA
2023-09-06	2023	"septembre"	6	"Lotu"	17:00:00	"F3"	"agitee"	"0-10"	28	"NE"	"SO"	"Alexandre Raibaldi, Alexandre Crispi"	NA
2023-09-06	2023	"septembre"	6	"Mezzanu"	09:00:00	"F1"	"peu agitee"	"0-10"	28	"NE"	"SO"	"Alexandre Raibaldi, Alexandre Crispi"	NA
2023-09-06	2023	"septembre"	6	"Mezzanu"	12:00:00	"F1"	"peu agitee"	"0-10"	28	"NE"	"SO"	"Alexandre Raibaldi, Alexandre Crispi"	NA
2023-09-06	2023	"septembre"	6	"Mezzanu"	15:00:00	"F3"	"agitee"	"0-10"	28	"NE"	"SO"	"Alexandre Raibaldi, Alexandre Crispi"	NA
2023-09-06	2023	"septembre"	6	"Mezzanu"	17:00:00	"F3"	"agitee"	"0-10"	28	"NE"	"SO"	"Alexandre Raibaldi, Alexandre Crispi"	NA
2023-09-06	2023	"septembre"	6	"Saleccia"	09:00:00	"F1"	"peu agitee"	"0-10"	28	"NE"	"SO"	"Alexandre Raibaldi, Alexandre Crispi"	NA
2023-09-06	2023	"septembre"	6	"Saleccia"	12:00:00	"F1"	"peu agitee"	"0-10"	28	"NE"	"SO"	"Alexandre Raibaldi, Alexandre Crispi"	NA
2023-09-06	2023	"septembre"	6	"Saleccia"	15:00:00	"F3"	"agitee"	"0-10"	28	"NE"	"SO"	"Alexandre Raibaldi, Alexandre Crispi"	NA
2023-09-06	2023	"septembre"	6	"Saleccia"	17:00:00	"F3"	"agitee"	"0-10"	28	"NE"	"SO"	"Alexandre Raibaldi, Alexandre Crispi"	NA
2023-09-06	2023	"septembre"	6	"A Torra di Murtella"	09:00:00	"F1"	"peu agitee"	"0-10"	28	"NE"	"SO"	"Alexandre Raibaldi, Alexandre Crispi"	NA
2023-09-06	2023	"septembre"	6	"A Torra di Murtella"	12:00:00	"F1"	"peu agitee"	"0-10"	28	"NE"	"SO"	"Alexandre Raibaldi, Alexandre Crispi"	NA
2023-09-06	2023	"septembre"	6	"A Torra di Murtella"	15:00:00	"F3"	"agitee"	"0-10"	28	"NE"	"SO"	"Alexandre Raibaldi, Alexandre Crispi"	NA
2023-09-06	2023	"septembre"	6	"A Torra di Murtella"	17:00:00	"F3"	"agitee"	"0-10"	28	"NE"	"SO"	"Alexandre Raibaldi, Alexandre Crispi"	NA
2023-09-06	2023	"septembre"	6	"Ghignu"	09:00:00	"F1"	"peu agitee"	"0-10"	27	"E"	"S"	"F. Sorbara, F. Giorgetti, L. Ceccaldi"	NA
2023-09-06	2023	"septembre"	6	"Ghignu"	12:00:00	"F2"	"peu agitee"	"0-10"	27	"E"	"S"	"F. Sorbara, F. Giorgetti, L. Ceccaldi"	NA
2023-09-06	2023	"septembre"	6	"Ghignu"	15:00:00	"F4"	"agitee"	"0-10"	28	"NE"	"S"	"F. Sorbara, F. Giorgetti, L. Ceccaldi"	NA
2023-09-06	2023	"septembre"	6	"Ghignu"	17:00:00	NA	NA	NA	NA	NA	NA	NA	NA
2023-09-06	2023	"septembre"	6	"Malfalcu"	09:00:00	"F1"	"peu agitee"	"0-10"	27	"E"	"S"	"F. Sorbara, F. Giorgetti, L. Ceccaldi"	NA
2023-09-06	2023	"septembre"	6	"Malfalcu"	12:00:00	"F2"	"peu agitee"	"0-10"	27	"E"	"S"	"F. Sorbara, F. Giorgetti, L. Ceccaldi"	NA
2023-09-06	2023	"septembre"	6	"Malfalcu"	15:00:00	"F4"	"agitee"	"0-10"	28	"NE"	"S"	"F. Sorbara, F. Giorgetti, L. Ceccaldi"	NA
2023-09-06	2023	"septembre"	6	"Malfalcu"	17:00:00	NA	NA	NA	NA	NA	NA	NA	NA
2024-06-26	2024	"juin"	26	"Fiume Santu"	09:00:00	"F1"	"ridee"	"10-25"	25	"E"	"O"	"Alexandre Crispi, Cedric Minicucci"	NA
2024-06-26	2024	"juin"	26	"Fiume Santu"	12:00:00	"F1"	"ridee"	"10-25"	25	"E"	"O"	"Alexandre Crispi, Cedric Minicucci"	NA
2024-06-26	2024	"juin"	26	"Fiume Santu"	15:00:00	"F2"	"belle"	"0-10"	25	"O"	"E"	"Alexandre Crispi, Cedric Minicucci"	NA
2024-06-26	2024	"juin"	26	"Fiume Santu"	17:00:00	"F2"	"belle"	"0-10"	25	"O"	"E"	"Alexandre Crispi, Cedric Minicucci"	NA
2024-06-26	2024	"juin"	26	"Lotu"	09:00:00	"F1"	"ridee"	"0-10"	25	"E"	"O"	"Alexandre Crispi, Cedric Minicucci"	NA
2024-06-26	2024	"juin"	26	"Lotu"	12:00:00	"F1"	"ridee"	"10-25"	25	"E"	"O"	"Alexandre Crispi, Cedric Minicucci"	NA
2024-06-26	2024	"juin"	26	"Lotu"	15:00:00	"F2"	"belle"	"0-10"	25	"E"	"O"	"Alexandre Crispi, Cedric Minicucci"	NA
2024-06-26	2024	"juin"	26	"Lotu"	17:00:00	"F2"	"belle"	"0-10"	25	"E"	"O"	"Alexandre Crispi, Cedric Minicucci"	NA
2024-06-26	2024	"juin"	26	"Mezzanu"	09:00:00	"F1"	"ridee"	"0-10"	25	"E"	"O"	"Alexandre Crispi, Cedric Minicucci"	NA
2024-06-26	2024	"juin"	26	"Mezzanu"	12:00:00	"F1"	"ridee"	"10-25"	25	"E"	"O"	"Alexandre Crispi, Cedric Minicucci"	NA
2024-06-26	2024	"juin"	26	"Mezzanu"	15:00:00	"F2"	"belle"	"0-10"	25	"E"	"O"	"Alexandre Crispi, Cedric Minicucci"	NA
2024-06-26	2024	"juin"	26	"Mezzanu"	17:00:00	"F2"	"belle"	"0-10"	25	"E"	"O"	"Alexandre Crispi, Cedric Minicucci"	NA
2024-06-26	2024	"juin"	26	"Saleccia"	09:00:00	"F1"	"ridee"	"0-10"	22	"NE"	"E"	"Alexandre Crispi, Cedric Minicucci"	NA
2024-06-26	2024	"juin"	26	"Saleccia"	12:00:00	"F1"	"ridee"	"10-25"	28	"NE"	"E"	"Alexandre Crispi, Cedric Minicucci"	NA
2024-06-26	2024	"juin"	26	"Saleccia"	15:00:00	"F3"	"peu agitee"	"0-10"	26	"NO"	"O"	"Alexandre Crispi, Cedric Minicucci"	NA
2024-06-26	2024	"juin"	26	"Saleccia"	17:00:00	NA	NA	NA	NA	NA	NA	"Alexandre Crispi, Cedric Minicucci"	NA
2024-06-26	2024	"juin"	26	"A Torra di Murtella"	09:00:00	"F1"	"ridee"	"10-25"	25	"E"	"O"	"Alexandre Crispi, Cedric Minicucci"	NA
2024-06-26	2024	"juin"	26	"A Torra di Murtella"	12:00:00	"F1"	"ridee"	"10-25"	25	"E"	"O"	"Alexandre Crispi, Cedric Minicucci"	NA
2024-06-26	2024	"juin"	26	"A Torra di Murtella"	15:00:00	"F2"	"belle"	"0-10"	25	"O"	"E"	"Alexandre Crispi, Cedric Minicucci"	NA
2024-06-26	2024	"juin"	26	"A Torra di Murtella"	17:00:00	"F2"	"belle"	"0-10"	25	"O"	"E"	"Alexandre Crispi, Cedric Minicucci"	NA
2024-06-26	2024	"juin"	26	"Ghignu"	09:00:00	"F1"	"ridee"	"0-10"	22	"E"	"E"	"Laurent Ceccalci, Axel Priouzeau"	NA
2024-06-26	2024	"juin"	26	"Ghignu"	12:00:00	"F1"	"ridee"	"0-10"	28	"E"	"E"	"Laurent Ceccalci, Axel Priouzeau"	NA
2024-06-26	2024	"juin"	26	"Ghignu"	15:00:00	"F3"	"peu agitee"	"0-10"	26	"NO"	"O"	"Laurent Ceccalci, Axel Priouzeau"	NA
2024-06-26	2024	"juin"	26	"Ghignu"	17:00:00	"F2"	"belle"	"0-10"	28	"NO"	"O"	"Laurent Ceccalci, Axel Priouzeau"	NA
2024-06-26	2024	"juin"	26	"Malfalcu"	09:00:00	"F1"	"ridee"	"0-10"	22	"E"	"E"	"Laurent Ceccalci, Axel Priouzeau"	NA
2024-06-26	2024	"juin"	26	"Malfalcu"	12:00:00	"F1"	"ridee"	"0-10"	28	"E"	"E"	"Laurent Ceccalci, Axel Priouzeau"	NA
2024-06-26	2024	"juin"	26	"Malfalcu"	15:00:00	"F3"	"peu agitee"	"0-10"	26	"NO"	"O"	"Laurent Ceccalci, Axel Priouzeau"	NA
2024-06-26	2024	"juin"	26	"Malfalcu"	17:00:00	"F2"	"belle"	"0-10"	28	"NO"	"O"	"Laurent Ceccalci, Axel Priouzeau"	NA
2024-06-26	2024	"juin"	26	"U Travu"	09:00:00	"F1"	"ridee"	"0-10"	22	"E"	"E"	"Laurent Ceccalci, Axel Priouzeau"	NA
2024-06-26	2024	"juin"	26	"U Travu"	12:00:00	"F1"	"ridee"	"10-25"	28	"E"	"E"	"Laurent Ceccalci, Axel Priouzeau"	NA
2024-06-26	2024	"juin"	26	"U Travu"	15:00:00	"F3"	"peu agitee"	"0-10"	26	"NO"	"O"	"Laurent Ceccalci, Axel Priouzeau"	NA
2024-06-26	2024	"juin"	26	"U Travu"	17:00:00	"F2"	"belle"	"0-10"	26	"NO"	"O"	"Laurent Ceccalci, Axel Priouzeau"	NA
2024-07-29	2024	"juillet"	29	"Fiume Santu"	09:00:00	NA	NA	NA	28	"E"	"O"	"Camille Lemaire, Cedric Minicucci, Axel Priouzeau, Dimitri Veyssieres"	NA
2024-07-29	2024	"juillet"	29	"Fiume Santu"	12:00:00	NA	NA	NA	31	"E"	"O"	"Camille Lemaire, Cedric Minicucci, Axel Priouzeau, Dimitri Veyssieres"	NA
2024-07-29	2024	"juillet"	29	"Fiume Santu"	15:00:00	"F2"	"ridee"	"0-10"	32	"E"	"O"	"Camille Lemaire, Cedric Minicucci, Axel Priouzeau, Dimitri Veyssieres"	NA
2024-07-29	2024	"juillet"	29	"Fiume Santu"	17:00:00	"F3"	"belle"	"0-10"	32	"E"	"O"	"Camille Lemaire, Cedric Minicucci, Axel Priouzeau, Dimitri Veyssieres"	NA
2024-07-29	2024	"juillet"	29	"Lotu"	09:00:00	"F1"	"ridee"	"10-25"	28	"E"	"O"	"Axel Priouzeau, Cedric Minicucci"	NA
2024-07-29	2024	"juillet"	29	"Lotu"	12:00:00	"F1"	"ridee"	"0-10"	31	"E"	"O"	"Axel Priouzeau, Cedric Minicucci"	NA
2024-07-29	2024	"juillet"	29	"Lotu"	15:00:00	"F3"	"belle"	"0-10"	32	"E"	"O"	"Axel Priouzeau, Cedric Minicucci"	NA
2024-07-29	2024	"juillet"	29	"Lotu"	17:00:00	"F3"	"belle"	"0-10"	32	"E"	"O"	"Axel Priouzeau, Cedric Minicucci"	NA
2024-07-29	2024	"juillet"	29	"Mezzanu"	09:00:00	"F1"	"ridee"	"0-10"	28	"E"	"O"	"Camille Lemaire, Cedric Minicucci, Axel Priouzeau, Dimitri Veyssieres"	NA
2024-07-29	2024	"juillet"	29	"Mezzanu"	12:00:00	"F1"	"ridee"	"0-10"	31	"E"	"O"	"Camille Lemaire, Cedric Minicucci, Axel Priouzeau, Dimitri Veyssieres"	NA
2024-07-29	2024	"juillet"	29	"Mezzanu"	15:00:00	"F3"	"belle"	"0-10"	32	"E"	"O"	"Camille Lemaire, Cedric Minicucci, Axel Priouzeau, Dimitri Veyssieres"	NA
2024-07-29	2024	"juillet"	29	"Mezzanu"	17:00:00	"F3"	"belle"	"0-10"	32	"E"	"O"	"Camille Lemaire, Cedric Minicucci, Axel Priouzeau, Dimitri Veyssieres"	NA
2024-07-29	2024	"juillet"	29	"Saleccia"	09:00:00	"F0"	"calme"	"0-10"	31	NA	NA	"Camille Lemaire, Cedric Minicucci, Axel Priouzeau, Dimitri Veyssieres"	NA
2024-07-29	2024	"juillet"	29	"Saleccia"	12:00:00	"F0"	"calme"	"0-10"	30	NA	NA	"Camille Lemaire, Cedric Minicucci, Axel Priouzeau, Dimitri Veyssieres"	NA
2024-07-29	2024	"juillet"	29	"Saleccia"	15:00:00	"F1"	"ridee"	"0-10"	30	"O"	NA	"Camille Lemaire, Cedric Minicucci, Axel Priouzeau, Dimitri Veyssieres"	NA
2024-07-29	2024	"juillet"	29	"Saleccia"	17:00:00	"F1"	"ridee"	"0-10"	30	"O"	NA	"Camille Lemaire, Cedric Minicucci, Axel Priouzeau, Dimitri Veyssieres"	NA
2024-07-29	2024	"juillet"	29	"A Torra di Murtella"	09:00:00	"F1"	"ridee"	"0-10"	28	"E"	"O"	"Camille Lemaire, Cedric Minicucci, Axel Priouzeau, Dimitri Veyssieres"	NA
2024-07-29	2024	"juillet"	29	"A Torra di Murtella"	12:00:00	"F1"	"ridee"	"0-10"	31	"E"	"O"	"Camille Lemaire, Cedric Minicucci, Axel Priouzeau, Dimitri Veyssieres"	NA
2024-07-29	2024	"juillet"	29	"A Torra di Murtella"	15:00:00	"F2"	"ridee"	"0-10"	32	"E"	"O"	"Camille Lemaire, Cedric Minicucci, Axel Priouzeau, Dimitri Veyssieres"	NA
2024-07-29	2024	"juillet"	29	"A Torra di Murtella"	17:00:00	"F3"	"belle"	"0-10"	32	"E"	"O"	"Camille Lemaire, Cedric Minicucci, Axel Priouzeau, Dimitri Veyssieres"	NA
2024-07-29	2024	"juillet"	29	"Ghignu"	09:00:00	"F0"	"calme"	"0-10"	31	NA	NA	"Jean-Philippe Chaubon, Luc Bruni"	NA
2024-07-29	2024	"juillet"	29	"Ghignu"	12:00:00	"F0"	"belle"	"0-10"	30	NA	NA	"Jean-Philippe Chaubon, Luc Bruni"	NA
2024-07-29	2024	"juillet"	29	"Ghignu"	15:00:00	"F1"	"ridee"	"0-10"	30	"O"	NA	"Jean-Philippe Chaubon, Luc Bruni"	NA
2024-07-29	2024	"juillet"	29	"Ghignu"	17:00:00	"F1"	"ridee"	"0-10"	30	"O"	NA	"Jean-Philippe Chaubon, Luc Bruni"	NA
2024-07-29	2024	"juillet"	29	"Malfalcu"	09:00:00	"F0"	"calme"	"0-10"	31	NA	NA	"Jean-Philippe Chaubon, Luc Bruni"	NA
2024-07-29	2024	"juillet"	29	"Malfalcu"	12:00:00	"F0"	"ridee"	"0-10"	30	NA	NA	"Jean-Philippe Chaubon, Luc Bruni"	NA
2024-07-29	2024	"juillet"	29	"Malfalcu"	15:00:00	"F1"	"ridee"	"0-10"	30	"O"	NA	"Jean-Philippe Chaubon, Luc Bruni"	NA
2024-07-29	2024	"juillet"	29	"Malfalcu"	17:00:00	"F1"	"ridee"	"0-10"	30	NA	NA	"Jean-Philippe Chaubon, Luc Bruni"	NA
2024-07-29	2024	"juillet"	29	"U Travu"	09:00:00	"F0"	"calme"	"0-10"	31	NA	NA	"Jean-Philippe Chaubon, Luc Bruni"	NA
2024-07-29	2024	"juillet"	29	"U Travu"	12:00:00	"F0"	"calme"	"0-10"	30	NA	NA	"Jean-Philippe Chaubon, Luc Bruni"	NA
2024-07-29	2024	"juillet"	29	"U Travu"	15:00:00	"F1"	"ridee"	"0-10"	30	"O"	NA	"Jean-Philippe Chaubon, Luc Bruni"	NA
2024-07-29	2024	"juillet"	29	"U Travu"	17:00:00	"F1"	"ridee"	"0-10"	30	"O"	NA	"Jean-Philippe Chaubon, Luc Bruni"	NA
2024-08-07	2024	"aout"	7	"Fiume Santu"	09:00:00	"F1"	"ridee"	"25-50"	30	"N"	"S"	"Cedric Minicucci, Axel  Priouzeau, Alex Crispi"	NA
2024-08-07	2024	"aout"	7	"Fiume Santu"	12:00:00	"F1"	"ridee"	"10-25"	32	"N"	"S"	"Cedric Minicucci, Axel  Priouzeau, Alex Crispi"	NA
2024-08-07	2024	"aout"	7	"Fiume Santu"	15:00:00	"F1"	"ridee"	"10-25"	32	"N"	"S"	"Cedric Minicucci, Axel  Priouzeau, Alex Crispi"	NA
2024-08-07	2024	"aout"	7	"Fiume Santu"	17:00:00	"F2"	"belle"	"10-25"	32	"NE"	"S"	"Cedric Minicucci, Axel  Priouzeau, Alex Crispi"	NA
2024-08-07	2024	"aout"	7	"Lotu"	09:00:00	"F1"	"ridee"	"25-50"	30	"N"	"S"	"Cedric Minicucci, Axel  Priouzeau, Alex Crispi"	NA
2024-08-07	2024	"aout"	7	"Lotu"	12:00:00	"F1"	"ridee"	"10-25"	32	"N"	"S"	"Cedric Minicucci, Axel  Priouzeau, Alex Crispi"	NA
2024-08-07	2024	"aout"	7	"Lotu"	15:00:00	"F2"	"belle"	"10-25"	34	"N"	"S"	"Cedric Minicucci, Axel  Priouzeau, Alex Crispi"	NA
2024-08-07	2024	"aout"	7	"Lotu"	17:00:00	"F2"	"belle"	"10-25"	32	"NE"	"S"	"Cedric Minicucci, Axel  Priouzeau, Alex Crispi"	NA
2024-08-07	2024	"aout"	7	"Mezzanu"	09:00:00	"F1"	"ridee"	"50-75"	30	"N"	NA	"Cedric Minicucci, Axel  Priouzeau, Alex Crispi"	NA
2024-08-07	2024	"aout"	7	"Mezzanu"	12:00:00	"F1"	"ridee"	"10-25"	32	"N"	"S"	"Cedric Minicucci, Axel  Priouzeau, Alex Crispi"	NA
2024-08-07	2024	"aout"	7	"Mezzanu"	15:00:00	"F3"	"peu agitee"	"10-25"	34	"N"	"S"	"Cedric Minicucci, Axel  Priouzeau, Alex Crispi"	NA
2024-08-07	2024	"aout"	7	"Mezzanu"	17:00:00	"F2"	"belle"	"10-25"	32	"NE"	"S"	"Cedric Minicucci, Axel  Priouzeau, Alex Crispi"	NA
2024-08-07	2024	"aout"	7	"Saleccia"	09:00:00	"F0"	"calme"	"0-10"	26	NA	NA	"Luc Bruni, Jean-Marie Chaubon"	NA
2024-08-07	2024	"aout"	7	"Saleccia"	12:00:00	"F0"	"calme"	"0-10"	28	NA	NA	"Luc Bruni, Jean-Marie Chaubon"	NA
2024-08-07	2024	"aout"	7	"Saleccia"	15:00:00	"F0"	"ridee"	"0-10"	29	NA	NA	"Luc Bruni, Jean-Marie Chaubon"	NA
2024-08-07	2024	"aout"	7	"Saleccia"	17:00:00	"F0"	"ridee"	"0-10"	30	NA	NA	"Luc Bruni, Jean-Marie Chaubon"	NA
2024-08-07	2024	"aout"	7	"A Torra di Murtella"	09:00:00	"F1"	"ridee"	"25-50"	30	"N"	"S"	"Cedric Minicucci, Axel  Priouzeau, Alex Crispi"	NA
2024-08-07	2024	"aout"	7	"A Torra di Murtella"	12:00:00	"F1"	"ridee"	"10-25"	32	"N"	"S"	"Cedric Minicucci, Axel  Priouzeau, Alex Crispi"	NA
2024-08-07	2024	"aout"	7	"A Torra di Murtella"	15:00:00	"F2"	"belle"	"10-25"	34	"N"	"S"	"Cedric Minicucci, Axel  Priouzeau, Alex Crispi"	NA
2024-08-07	2024	"aout"	7	"A Torra di Murtella"	17:00:00	"F2"	"belle"	"10-25"	32	"NE"	"S"	"Cedric Minicucci, Axel  Priouzeau, Alex Crispi"	NA
2024-08-07	2024	"aout"	7	"Ghignu"	09:00:00	"F0"	"calme"	NA	26	NA	NA	"Luc Bruni, Jean-Philippe Chaubon"	NA
2024-08-07	2024	"aout"	7	"Ghignu"	12:00:00	"F0"	"calme"	NA	28	NA	NA	"Luc Bruni, Jean-Philippe Chaubon"	NA
2024-08-07	2024	"aout"	7	"Ghignu"	15:00:00	"F0"	"calme"	NA	29	NA	NA	"Luc Bruni, Jean-Philippe Chaubon"	NA
2024-08-07	2024	"aout"	7	"Ghignu"	17:00:00	"F0"	"calme"	NA	30	NA	NA	"Luc Bruni, Jean-Philippe Chaubon"	NA
2024-08-07	2024	"aout"	7	"Malfalcu"	09:00:00	"F0"	"calme"	NA	26	NA	NA	"Luc Bruni, Jean-Philippe Chaubon"	NA
2024-08-07	2024	"aout"	7	"Malfalcu"	12:00:00	"F0"	"calme"	NA	28	NA	NA	"Luc Bruni, Jean-Philippe Chaubon"	NA
2024-08-07	2024	"aout"	7	"Malfalcu"	15:00:00	"F0"	"calme"	NA	29	NA	NA	"Luc Bruni, Jean-Philippe Chaubon"	NA
2024-08-07	2024	"aout"	7	"Malfalcu"	17:00:00	"F0"	"calme"	NA	30	NA	NA	"Luc Bruni, Jean-Philippe Chaubon"	NA
2024-08-07	2024	"aout"	7	"U Travu"	09:00:00	"F0"	"calme"	NA	26	NA	NA	"Luc Bruni, Jean-Philippe Chaubon"	NA
2024-08-07	2024	"aout"	7	"U Travu"	12:00:00	"F0"	"calme"	NA	28	NA	NA	"Luc Bruni, Jean-Philippe Chaubon"	NA
2024-08-07	2024	"aout"	7	"U Travu"	15:00:00	"F0"	"calme"	NA	29	NA	NA	"Luc Bruni, Jean-Philippe Chaubon"	NA
2024-08-07	2024	"aout"	7	"U Travu"	17:00:00	"F0"	"calme"	NA	30	NA	NA	"Luc Bruni, Jean-Philippe Chaubon"	NA
2024-09-04	2024	"septembre"	4	"Fiume Santu"	09:00:00	"F2"	"belle"	"50-75"	25	"SE"	NA	"Alexandre Crispi, Axel Priouzeau"	NA
2024-09-04	2024	"septembre"	4	"Fiume Santu"	12:00:00	"F2"	"belle"	"50-75"	27	"SE"	NA	"Alexandre Crispi, Axel Priouzeau"	NA
2024-09-04	2024	"septembre"	4	"Fiume Santu"	15:00:00	"F1"	"ridee"	"75-100"	25	"SE"	NA	"Alexandre Crispi, Axel Priouzeau"	NA
2024-09-04	2024	"septembre"	4	"Fiume Santu"	17:00:00	"F0"	"calme"	"50-75"	28	"SE"	NA	"Alexandre Crispi, Axel Priouzeau"	NA
2024-09-04	2024	"septembre"	4	"Lotu"	09:00:00	"F2"	"belle"	"50-75"	25	"SE"	NA	"Alex Crispi, Axel Priouzeau"	NA
2024-09-04	2024	"septembre"	4	"Lotu"	12:00:00	"F2"	"belle"	"50-75"	27	"SE"	NA	"Alex Crispi, Axel Priouzeau"	NA
2024-09-04	2024	"septembre"	4	"Lotu"	15:00:00	"F1"	"ridee"	"75-100"	25	"SE"	NA	"Alexandre Crispi, Axel Priouzeau"	NA
2024-09-04	2024	"septembre"	4	"Lotu"	17:00:00	"F0"	"calme"	"50-75"	28	"SE"	NA	"Alexandre Crispi, Axel Priouzeau"	NA
2024-09-04	2024	"septembre"	4	"Mezzanu"	09:00:00	"F2"	"belle"	"50-75"	25	"SE"	NA	"Alexandre Crispi, Axel Priouzeau"	NA
2024-09-04	2024	"septembre"	4	"Mezzanu"	12:00:00	"F2"	"belle"	"50-75"	27	"SE"	NA	"Alexandre Crispi, Axel Priouzeau"	NA
2024-09-04	2024	"septembre"	4	"Mezzanu"	15:00:00	"F1"	"ridee"	"75-100"	25	"SE"	NA	"Alexandre Crispi, Axel Priouzeau"	NA
2024-09-04	2024	"septembre"	4	"Mezzanu"	17:00:00	"F0"	"calme"	"50-75"	28	"SE"	NA	"Alexandre Crispi, Axel Priouzeau"	NA
2024-09-04	2024	"septembre"	4	"Saleccia"	09:00:00	"F3"	"peu agitee"	"50-75"	28	NA	"O"	"Frederic Sorbara, Laurent Ceccaldi"	NA
2024-09-04	2024	"septembre"	4	"Saleccia"	12:00:00	"F3"	"peu agitee"	"75-100"	28	"O"	"O"	"Frederic Sorbara, Laurent Ceccaldi"	NA
2024-09-04	2024	"septembre"	4	"Saleccia"	15:00:00	"F2"	"agitee"	"75-100"	28	NA	"E"	"Frederic Sorbara, Laurent Ceccaldi"	NA
2024-09-04	2024	"septembre"	4	"Saleccia"	17:00:00	"F1"	"peu agitee"	"25-50"	28	NA	"E"	"Frederic Sorbara, Laurent Ceccaldi"	NA
2024-09-04	2024	"septembre"	4	"A Torra di Murtella"	09:00:00	"F2"	"belle"	"50-75"	25	"SE"	NA	"Alexandre Crispi, Axel Priouzeau"	NA
2024-09-04	2024	"septembre"	4	"A Torra di Murtella"	12:00:00	"F2"	"belle"	"50-75"	27	"SE"	NA	"Alexandre Crispi, Axel Priouzeau"	NA
2024-09-04	2024	"septembre"	4	"A Torra di Murtella"	15:00:00	"F1"	"ridee"	"75-100"	25	"SE"	NA	"Alexandre Crispi, Axel Priouzeau"	NA
2024-09-04	2024	"septembre"	4	"A Torra di Murtella"	17:00:00	"F0"	"calme"	"50-75"	28	"SE"	NA	"Alexandre Crispi, Axel Priouzeau"	NA
2024-09-04	2024	"septembre"	4	"Ghignu"	09:00:00	"F1"	"ridee"	"50-75"	28	NA	"O"	"Frederic Sorbara, Laurent Ceccaldi"	NA
2024-09-04	2024	"septembre"	4	"Ghignu"	12:00:00	"F4"	"agitee"	"75-100"	28	"O"	"E"	"Frederic Sorbara, Laurent Ceccaldi"	NA
2024-09-04	2024	"septembre"	4	"Ghignu"	15:00:00	"F2"	"agitee"	"75-100"	28	NA	"E"	"Frederic Sorbara, Laurent Ceccaldi"	NA
2024-09-04	2024	"septembre"	4	"Ghignu"	17:00:00	NA	NA	NA	NA	NA	NA	"Frederic Sorbara, Laurent Ceccaldi"	"NON REALISE"
2024-09-04	2024	"septembre"	4	"Malfalcu"	09:00:00	"F1"	"ridee"	"50-75"	28	NA	"O"	"Frederic Sorbara, Laurent Ceccaldi"	NA
2024-09-04	2024	"septembre"	4	"Malfalcu"	12:00:00	"F4"	"agitee"	"75-100"	28	"O"	"E"	"Frederic Sorbara, Laurent Ceccaldi"	NA
2024-09-04	2024	"septembre"	4	"Malfalcu"	15:00:00	"F2"	"agitee"	"75-100"	28	NA	"E"	"Frederic Sorbara, Laurent Ceccaldi"	NA
2024-09-04	2024	"septembre"	4	"Malfalcu"	17:00:00	NA	NA	NA	NA	NA	NA	"Frederic Sorbara, Laurent Ceccaldi"	"NON REALISE"
2024-09-04	2024	"septembre"	4	"U Travu"	09:00:00	"F1"	"ridee"	"50-75"	28	NA	"O"	"Frederic Sorbara, Laurent Ceccaldi"	NA
2024-09-04	2024	"septembre"	4	"U Travu"	12:00:00	"F2"	"peu agitee"	"75-100"	28	"O"	"E"	"Frederic Sorbara, Laurent Ceccaldi"	NA
2024-09-04	2024	"septembre"	4	"U Travu"	15:00:00	"F2"	"agitee"	"75-100"	28	NA	"E"	"Frederic Sorbara, Laurent Ceccaldi"	NA
2024-09-04	2024	"septembre"	4	"U Travu"	17:00:00	NA	NA	NA	NA	NA	NA	"Frederic Sorbara, Laurent Ceccaldi"	"NON REALISE"
